<?xml version='1.0' encoding='UTF-8'?>
<project>
    <pomVersion>3</pomVersion>
    <name>Atlassian JIRA Sample SOAP client</name>
    <id>jira-soapclient</id>
    <currentVersion>3.9.3-1</currentVersion>
    <organization>
        <name>Atlassian</name>
        <url>http://www.atlassian.com</url>
    </organization>
    <package>com.atlassian.jira_soapclient</package>
    <shortDescription>Sample JIRA SOAP client</shortDescription>
    <url>http://www.atlassian.com/software/jira</url>
    <issueTrackingUrl>http://jira.atlassian.com</issueTrackingUrl>
    <!-- Axis Dependecies -->
    <dependencies> 
        <dependency>
            <id>axis</id>
            <groupId>axis</groupId>
            <artifactId>axis</artifactId>
            <version>1.3</version>
            <properties>
                <jar.manifest.classpath>true</jar.manifest.classpath>
            </properties>
        </dependency>
        <dependency>
            <groupId>axis</groupId>
            <artifactId>axis-jaxrpc</artifactId>
            <version>1.3</version>
            <properties>
                <jar.manifest.classpath>true</jar.manifest.classpath>
            </properties>
        </dependency>
        <dependency>
            <groupId>axis</groupId>
            <artifactId>axis-saaj</artifactId>
            <version>1.3</version>
            <properties>
                <jar.manifest.classpath>true</jar.manifest.classpath>
            </properties>
        </dependency>
        <dependency>
            <groupId>axis</groupId>
            <artifactId>axis-wsdl4j</artifactId>
            <version>1.5.1</version>
            <properties>
                <jar.manifest.classpath>true</jar.manifest.classpath>
            </properties>
        </dependency>

        <dependency>
            <groupId>axis</groupId>
            <artifactId>axis-ant</artifactId>
            <version>1.3</version>
            <properties>
                <jar.manifest.classpath>true</jar.manifest.classpath>
            </properties>
        </dependency>

        <dependency>
            <id>commons-logging</id>
            <version>1.0.4</version>
            <properties>
                <jar.manifest.classpath>true</jar.manifest.classpath>
            </properties>
        </dependency>

        <dependency>
            <groupId>commons-discovery</groupId>
            <artifactId>commons-discovery</artifactId>
            <version>0.2</version>
            <properties>
                <jar.manifest.classpath>true</jar.manifest.classpath>
            </properties>
        </dependency>

        <dependency>
            <id>activation</id>
            <version>1.0.2</version>
            <properties>
                <jar.manifest.classpath>true</jar.manifest.classpath>
            </properties>
        </dependency>
        <dependency>
            <id>javamail</id>
            <version>1.3.2</version>
            <properties>
                <jar.manifest.classpath>true</jar.manifest.classpath>
            </properties>
        </dependency>

    </dependencies>
    <build>
        <sourceDirectory>src/java</sourceDirectory>
        <resources>
            <resource>
                <directory>src/etc</directory>
            </resource>
        </resources>
    </build>
</project>
<!-- vim:set sw=4: -->
